aH	b	622
aH	B	1275
AH	x	365
AH	r	274
aH	v	2151
aH	g	572
aH	m	1717
iH	B	205
iH	e	132
iH	n	202
iH	x	159
iH	l	31
oH	a	110
uH	y	117
aH	u	4792
iH	A	91
aH	y	1029
AH	S	434
AH	B	268
iH	w	388
iH	k	216
aH	e	680
uH	a	237
aH	S	1499
AH	p	924
aH	k	1956
aH	l	305
aH	i	768
aH	w	3660
iH	i	180
aH	n	1629
aH	s	3463
iH	m	210
iH	a	259
aH	c	3281
aH	h	729
oH	c	91
AH	i	202
uH	b	90
aH	p	2787
aH	C	39
aH	a	2637
oH	s	95
iH	s	369
EH	n	172
eH	c	57
aH	A	145
uH	u	250
oH	w	132
EH	s	305
EH	k	213
aH	X	410
AH	g	198
AH	k	546
iH	y	163
AH	a	80
AH	v	658
aH	x	1242
AH	w	1292
AH	e	49
AH	s	1306
uH	w	279
iH	v	315
iH	c	442
oH	A	29
iH	p	358
uH	S	130
uH	v	225
aH	j	645
iH	g	60
uH	c	315
uH	n	159
iH	j	90
AH	m	500
uH	s	353
iH	I	17
oH	S	42
EH	g	109
AH	h	208
uH	k	189
EH	B	111
EH	j	65
EH	c	621
aH	K	60
uH	m	247
uH	i	73
iH	S	164
uH	A	76
AH	n	468
EH	m	229
eH	v	33
AH	K	22
AH	P	15
EH	y	165
AH	c	1494
AH	y	373
EH	S	210
EH	v	333
aH	I	18
AH	b	201
uH	p	306
eH	u	11
AH	j	176
IH	v	13
uH	j	62
oH	y	55
oH	B	23
iH	h	55
IH	y	3
AH	u	38
oH	p	111
EH	u	78
eH	n	16
oH	v	118
aH	P	45
eH	k	41
oH	e	38
uH	x	145
EH	x	182
EH	w	343
eH	j	13
IH	s	24
eH	p	59
oH	n	40
IH	I	1
oH	u	16
oH	h	18
uH	B	113
aH	R	30
EH	i	138
EH	p	298
eH	i	18
iH	o	4
uH	g	65
AH	A	17
IH	j	5
oH	R	1
iH	X	48
uH	X	42
oH	g	13
iH	u	444
aH	G	62
uH	h	52
IH	A	6
iH	b	99
EH	e	69
AH	l	70
EH	A	73
uH	e	74
AH	R	15
aH	U	210
AH	q	31
EH	h	94
oH	k	38
AH	U	107
eH	a	58
AH	C	13
UH	A	1
eH	x	24
eH	l	7
IH	k	10
iH	E	1
IH	w	18
oH	x	43
oH	i	65
aH	q	31
iH	K	5
EH	G	17
UH	s	5
oH	E	3
eH	g	16
EH	l	37
EH	b	118
IH	p	10
uH	l	26
iH	C	5
uH	K	8
EH	a	247
oH	m	61
eH	s	44
AH	X	121
IH	n	6
uH	q	8
IH	i	14
aH	r	4
eH	w	38
uH	G	5
oH	P	5
IH	c	26
EH	P	11
EH	K	16
EH	X	36
IH	S	10
uH	C	7
oH	G	3
eH	m	12
aH	J	2
UH	m	2
uH	E	3
uH	U	5
UH	K	2
oH	j	10
EH	r	6
eH	y	12
oH	O	1
uH	R	2
eH	B	5
IH	X	10
EH	C	18
AH	G	28
UH	c	6
eH	b	8
oH	l	9
eH	A	14
eH	e	5
EH	I	4
oH	b	13
eH	S	14
IH	a	10
iH	O	4
EH	q	4
iH	G	2
UH	S	2
IH	m	8
UH	x	1
UH	u	6
UH	k	2
UH	i	3
eH	P	2
IH	B	2
iH	q	4
IH	u	19
uH	o	2
iH	R	4
EH	U	2
oH	X	5
UH	y	3
UH	v	5
uH	I	12
aH	d	2
UH	B	6
aH	o	9
EH	R	2
oH	C	4
iH	U	2
IH	q	1
IH	g	2
AH	I	3
IH	l	1
EH	O	2
eH	h	5
iH	P	2
UH	o	1
UH	b	3
AH	t	1
oH	I	2
aH	O	2
aH	E	3
UH	n	4
eH	X	3
AH	J	2
eH	C	3
eH	q	1
UH	w	1
IH	h	3
eH	O	1
eH	U	2
oH	r	1
eH	R	1
IH	x	2
eH	o	1
eH	r	1
oH	q	1
UH	X	2
oH	K	1
IH	U	1
UH	a	1
m	c	4810
a	m	3754
a	e	3316
m	n	2422
m	e	1755
a	c	4079
m	S	2065
m	m	2659
m	l	664
m	v	4203
e	c	1548
a	s	5339
e	v	1553
a	u	1083
m	u	1666
m	y	1840
i	n	894
a	a	5035
w	g	200
e	S	715
m	s	4119
w	k	825
e	p	1603
u	n	375
a	l	738
i	w	1477
A	w	1834
a	k	3361
A	r	643
A	v	1574
n	v	485
A	c	1443
a	n	2491
e	s	1693
m	g	1278
m	w	4890
A	m	1064
m	x	2654
A	k	1087
a	r	1781
a	S	2247
A	l	251
m	p	4765
m	B	1793
e	w	1963
u	w	722
e	b	375
e	r	657
w	x	574
e	x	1060
A	n	897
a	B	2089
a	i	1079
e	y	852
m	A	1552
i	B	615
u	y	402
A	S	828
w	w	1279
a	j	1203
u	k	559
w	K	29
a	w	4773
a	x	2544
a	h	1461
w	b	335
i	v	1426
a	A	1124
e	k	1087
m	k	3324
w	s	1181
e	m	1131
e	n	1319
a	v	4940
i	p	1309
e	B	575
A	A	311
O	v	268
A	p	1717
A	x	986
A	b	412
A	B	739
i	h	294
A	s	1733
a	g	1244
i	g	260
m	r	1313
A	h	497
w	y	513
w	j	281
A	e	950
i	S	598
m	b	1103
a	b	1080
A	j	359
i	m	1086
a	p	4621
a	y	2185
w	P	92
A	G	57
a	X	747
e	a	801
n	x	328
e	j	388
i	r	473
m	j	1167
m	I	149
O	c	244
w	e	480
a	O	38
u	p	631
e	G	68
u	x	426
O	w	319
u	m	529
u	c	503
i	s	1610
n	w	476
m	a	4186
I	v	129
I	w	153
m	h	1134
u	s	804
I	c	196
m	C	73
w	m	480
n	s	442
n	A	128
i	x	697
m	X	704
m	i	2211
w	i	421
i	j	350
w	u	448
w	A	400
i	k	988
O	k	174
i	y	758
A	u	668
i	X	231
i	u	382
u	b	110
w	v	1125
i	R	47
e	e	145
u	h	73
k	X	8
I	p	147
u	U	5
w	G	43
u	S	309
I	k	134
u	u	86
O	x	196
O	B	89
I	S	99
e	X	243
e	g	391
u	j	131
k	P	2
i	P	32
k	p	71
k	B	43
w	p	1137
u	g	175
w	S	523
w	a	1012
w	l	150
n	k	384
e	i	186
w	c	962
i	l	206
a	P	103
A	C	30
w	r	356
u	v	731
I	y	83
I	g	49
O	y	115
u	r	314
u	K	28
n	c	625
A	X	268
w	h	218
A	I	19
m	E	42
I	b	45
O	m	211
i	K	76
m	P	98
i	c	1726
A	g	472
i	a	1223
n	j	136
i	e	614
w	n	438
i	A	342
O	g	68
k	c	41
w	q	82
u	a	395
A	a	1140
i	i	539
O	s	228
e	l	216
n	h	131
A	i	478
n	S	204
A	R	12
I	s	217
e	R	9
A	y	732
k	w	28
I	j	71
a	K	107
O	p	257
k	s	40
e	A	46
i	b	247
u	X	107
I	m	127
I	B	116
I	n	117
n	p	491
n	l	7
E	a	3
u	l	157
m	K	120
w	B	460
O	j	76
u	R	14
I	x	82
a	G	91
k	y	14
e	h	379
w	U	14
u	B	291
E	k	67
E	v	82
E	h	27
n	b	173
n	r	172
m	O	34
E	m	55
a	R	56
w	R	14
A	K	32
O	l	24
t	s	5
O	n	137
I	i	72
n	a	493
a	U	36
n	q	49
a	q	37
k	i	21
k	g	9
E	g	27
m	q	169
w	I	20
I	l	32
n	g	122
n	e	183
n	i	228
k	k	32
k	A	14
n	X	73
A	P	30
n	y	173
I	X	25
m	G	171
E	s	109
e	P	47
O	r	136
e	u	38
a	C	47
E	n	143
I	I	3
w	X	40
I	u	135
n	B	173
e	C	23
u	i	147
k	m	20
a	I	56
a	o	16
E	B	38
O	K	8
i	I	11
O	h	63
E	w	80
E	b	35
I	e	2
w	o	3
k	r	10
E	p	107
O	b	54
m	J	2
a	E	20
U	k	3
k	n	5
m	R	45
u	e	129
E	c	17
e	q	16
e	K	36
i	O	8
n	m	160
o	k	17
u	P	13
u	G	14
E	l	17
k	x	31
m	U	45
u	A	97
U	m	2
o	w	8
n	u	88
i	G	29
O	S	94
m	o	21
E	y	51
m	d	3
e	U	4
E	j	27
A	q	16
e	o	1
I	a	30
E	x	102
i	U	14
k	q	6
i	o	3
I	h	31
O	X	29
i	C	20
k	S	21
k	a	44
U	w	6
O	C	12
n	K	19
n	G	21
u	O	1
U	v	3
o	s	17
n	n	133
O	e	44
n	O	1
O	A	22
O	i	86
U	i	3
O	a	96
U	l	2
A	U	7
E	S	39
U	s	3
u	q	15
k	v	48
o	p	10
O	q	8
U	B	2
O	u	73
O	G	12
i	q	13
n	E	1
k	u	18
n	U	6
O	U	18
n	C	3
o	S	8
t	y	3
n	P	5
U	j	5
u	C	9
E	e	14
t	A	1
O	P	3
E	X	18
w	E	9
o	c	2
k	b	5
U	p	7
O	O	1
U	n	3
U	c	8
w	C	9
A	o	1
m	t	3
n	R	1
w	O	4
p	C	1
I	G	3
t	w	4
t	r	1
k	j	12
i	E	1
A	O	2
k	l	1
I	K	3
n	t	1
u	E	3
U	U	1
t	a	4
i	t	1
k	e	13
A	E	5
U	h	2
t	B	6
I	P	2
k	h	4
E	A	1
O	R	1
E	G	2
t	i	6
U	X	1
t	b	1
I	A	4
U	a	1
U	A	1
o	i	2
u	t	1
E	K	1
E	P	3
t	m	1
U	S	3
k	U	1
U	x	1
E	i	1
E	q	2
k	O	1
k	I	3
E	R	2
A	t	1
t	c	2
I	q	1
u	I	1
t	l	1
t	S	1
t	v	1
t	X	1
t	k	1
t	j	1
a	d	1
t	p	1
I	C	2
U	y	1
n	I	1
U	b	1
